{
  "accountAssociation": {
    "header": "",
    "payload": "",
    "signature": ""
  },
  "miniapp": {
    "version": "1",
    "name": "My Mini App",
    "homeUrl": "https://YOUR_VERCEL_URL",
    "iconUrl": "https://YOUR_VERCEL_URL/icon.png",
    "splashImageUrl": "https://YOUR_VERCEL_URL/splash.png",
    "splashBackgroundColor": "#000000",
    "subtitle": "Hello Base Build",
    "description": "A tiny starter Mini App.",
    "heroImageUrl": "https://YOUR_VERCEL_URL/og.png",
    "screenshotUrls": [],
    "primaryCategory": "utility",
    "tags": [
      "starter"
    ]
  }
}